titulo,cuerpo
Trading en Tiktok,"Que onda derrepente cada vairo que ofrece su curso, antes co el novio de la onichan nms era pesado pero ahora se reproducieron   Hasta ese man que hac√≠a tiktok de macanadas en el mercado 4 co hace TRADING, despu√©s esta ese Aquino que con un cripto cada tanto gua‚Äôu efectivizar y para colmo tiene gente boba que comenta toda la hora brooo l√≠der espectacular quiero entrar al cursoüôèüôè tenes que irte de viaje tambi√©n a dubai vos l√≠der üôèüôèüôè, se est√°n volviendo peor que los colorados"
Percibir salario desde trabajo remoto,"Hola, el pr√≥ximo mes empezar√© a trabajar remoto para una multinacional extranjera. Puedo cobrar en USD o en cripto... Ustedes que todo lo saben... ¬øCu√°l es la mejor opci√≥n?
Si es en USD, ¬øqu√© bancos recomiendan y por qu√©?  
Si es en cripto, ¬øqu√© billeteras recomiendan y por qu√©?
  ¬øSer√≠a buena idea cobrar una parte en USD y el resto en cripto? Compartan su experiencia /tips"
Apple gift cards,"Tengo 400$ en Apple gift cards y quiero vender. Ya sea transferencia o cripto. 
Vendo 100$ de gift cards por 95$"
Recibir pagos del exterior sin tener problemas con Set,"Como paraguayo cual es la manera m√°s simple de cobrar por trabajos que sea compatible freelancer y fiverr? Sin tener que hacer jugadas de convertir la plata a cripto, luego a euros y luego a guaran√≠es?"
Tarjetas de credito cobrando en cripto,"Alguien sabe si hay alguna forma de que ciertos bancos me habiliten tarjetas de credito si cobro en cripto?  Trabajo para una empresa de afuera y cobro en dolares, para ahorrarme gastos cobro en cripto pero ulltimamente estoy queriendo quitar tarjetas de credito y no se como poder blanquear eso, consejos?"
"Estar√≠a interesante conocer personas que esten metidas en el mundo cripto y el trading para intercambiar palabras, escriban!!",(sin texto)
Hay alguna forma pr√°ctica de cambiar cripto a Gs. para no residentes?,"O sea, para alguien que no tenga cuenta bancaria all√°. 

Hay alg√∫n m√©todo confiable y que no te maten con la comisi√≥n?"
Ganar plata en Paraguay siendo joven y con poco capital,"Buenas, tengo 20 a√±os y soy de Asuncion, estoy actualmente estudiando ing. informatica y estoy queriendo invertir en algo que no requiera mucha inversion, algun emprendimiento, actualmente tengo un trabajo pero pagan menos que el minimo y me cansa y deseo tener una forma mejor, mas flexible y que pueda hacerme me plata y estoy viendo opciones.

Entre las cosas que ya probe esta el trading y lo relacionado a cripto, es rentable pero no tanto, y muy facil de perder lo que ganaste si haces algo mal, lo que si estuve pensando en algun tipo negocio de aplicacion de herramientas(o creacion de estas) de IA a negocios, enfocandose en peque√±as y medianas empresas, o tambien alguna tienda online para venta de productos al por mayor(mas para que empresarios compren sus productos de ahi, una especie de alibaba), o algo de servicios de marketing pero no se la demanda que estas pueden tener y no quiero inevrtir mucho tiempo en algo que no me vaya a servir en nada luego, que recomiendan o que ideas dicen pueda probar? tambien estaria bueno si dicen alguna app que les gustaria tener en su tel o un servicio que no haya o haya poco en el pais."
Paraguay y criptomonedas,"Me gustar√≠a hablar sobre un tema un poco delicado: Cripto en Paraguay.

√öltimamente, est√° teniendo un boom en Paraguay, con varias noticias sobre proyectos de ley y con varios exchanges locales. Lo que s√≠, quise probar y me fui a los tres m√°s ""grandes"" o m√°s renombrados: Cripex, Bitbase y X4T, adem√°s del P2P.


Cripex parece que ya ni existe, su sitio web no funciona y no se puede contactar a nadie.

En Bitbase quise comprar Bitcoin por 200.000Gs. Primero, me dijeron que necesitaba una wallet propia, cosa que no ten√≠a. En la tienda venden algunas, pero cuestan m√°s de 100$ y son mucho m√°s caras que en Amazon y otros lugares. Un amigo m√≠o tiene una wallet para recibir Bitcoin, as√≠ que lo hicimos con su wallet. Y ah√≠ vino la gran sorpresa:  
en una compra de 200.000Gs hubo una comisi√≥n de 36.373Gs, ~18,37%. Adem√°s, nos dieron un tipo de cambio falso. El tipo de cambio oficial era 1BTC=213.251.786 en julio del a√±o pasado cuando compr√©. El tipo de cambio de Bitbase era 1BTC=274.857.417. Eso es una diferencia de casi el 28,89%. Si sumamos ambas ""comisiones"", Bitbase cobr√≥ una comisi√≥n de 47,26% sobre una compra de 200.000Gs, unos 94.520Gs. No me avisaron de estas comisiones antes y me siento estafado.

Despu√©s escuch√© sobre X4T, una exchange nueva ac√° en Paraguay. El registro fue r√°pido y tambi√©n te dan una wallet gratuita para recibir, enviar y comprar Cripto. Ah√≠ tambi√©n podes comprar Cripto por efectivo o vender. Adem√°s, ofrecen transferencias bancarias y ahora una tarjeta de d√©bito, que para m√≠ en lo personal es cara, pero para los que est√°n bien metidos en el mundo Cripto y valoran la anonimidad, les puede interesar. No hubo comisiones para el dep√≥sito, solo cobran 2%-3% para retirar. El soporte es s√∫per √∫til y me explicaron todo lo importante como novato, adem√°s pude contactar al soporte v√≠a WhatsApp para cualquier otra duda.

Mi amigo mencion√≥ que siempre hace P2P. En este caso, te encuentras con un comprador/vendedor, seg√∫n lo que necesites, y podes cambiar cripto por efectivo. Se encuentran en la casa de alguien o en otro lugar y ah√≠ hacen la transacci√≥n. A √©l le funciona bien, pero es un proceso incre√≠blemente complicado para principiantes y adem√°s mucho mas caro. Los vendedores cobran entre 6%-15%, lo hacen de manera ilegal y todo el negocio se basa en ""confianza"".

Tengo curiosidad de ver hacia d√≥nde va todo esto del Cripto y qu√© dice nuestro gobierno. Personalmente, me gustar√≠a que los bancos pierdan su monopolio y que Bancard no controle todas las finanzas del pa√≠s."
"Paraguay proh√≠be cripto. Debo vender mi Bitcoin antes de la nuevo ley o que? No quiero estar criminal. No soy minador, solo tengo un poco Bitcoin como inversion.",(sin texto)
¬øC√≥mo retirar BTC de miner√≠a de manera legal?,"Tengo ahorrado una cantidad de BTC en mi cuenta de Binance que acumul√© haciendo miner√≠a de cripto. S√© que existe la posibilidad de retirarlo con p2p, as√≠ que recibo una transferencia en guaranies en mi banco de alguna persona.

Mi pregunta es si voy a tener problemas por recibir una transferencia random de una persona en mi cuenta (supongamos 10 millones) y como se debe declarar eso legalmente y si se debe pagar IRP o hacer factura por el monto.

¬øAlguien sabe o tiene experiencia?"
World app,Gente alguien sabe como se canjea esta cosa en varias redes sociales suelo ver gente canjeando esa cripto alguien sabe como funciona
Minerar Cripto en Paraguay,"Quiero consultarles si alguien sabe que se necesita, documento, patentes, etc. Para minar en Paraguay tambien si se puede hacer en una casa particular y tiener todo legal con el permiso de la ande, te pueden crear problemas igual, en conclusi√≥n yo quiero comprar un transformador de 150KVA, pedir permiso en la ande, pagar el consum√≥ que sea y colocar en una casa (que no es mi casa, ejemplo una casa alquilada) y mi duda es si me puede venir la fiscalia o alguna entidad reguladora entonces les pregunto si saben algo al respecto."
Turbio?,"Brock Pierce , magnate de cripto,  vinculado presuntamente a un circulo de  pedofilia en Hollywood en los a√±os 2000 junto con el director Bryan singer y Marc Collins - Rector ; se re√∫ne con el ministro de tecnolog√≠a, tambi√©n con el  ministro de industria y comercio  con la idea de "" impulsar la tecnologia"" en paraguay. Un poco raro que hagan negocios con este tipo  considerando que en paraguay abundan los casos de pedofilia. 



 Que piensan ?  Les dejo unos v√≠deos/documentales que profundizan m√°s sobre el tema."
Minar cripto py,"Hola gente, hay algun entendido sobre como minar cripto de forma correcta?, o si saben de alguien que lo haga de forma segura? sobre los precios de sistema, equipos, refrigeracion, incluso precios de consumo electrico?? Es rentable siquiera? üòÖ"
Consulta,"Para mis amigos traders de este pais y gente que conozca del tema; quiero hacerles una consulta. 

Ustedes tienen problemas para comprar cripto con la tarjeta Pagopar Vision en Binance? Mand√© renovar mi tarjeta porque se hab√≠a vencido y ahora no puedo comprar en Binance. Me sale un mensaje que la tarjeta no esta habilitado para compras internacionales. Pero con la misma tarjeta uso para pagar Spotify, por ejemplo. Si a alguien le pasa lo mismo y tiene una soluci√≥n, pol favol... Compaltan!"
GANAR DINERO EXTRA,"C√∫al creen que sea un m√©todo escalable de ganar en Paraguay? Que tipo de emprendimiento creen que se puede empezar desde poco dinero y escalar de una buena manera? Alguien que entienda m√°s a fondo? Me gustar√≠a poner a trabajar el poco dinero que tengo ahorrado, pero los intereses del banco generan muy poco y no pueden con la inflaci√≥n. No les pido que cuenten sus secretos de como ganar dinero, si no algunos tips o metodos para Sobresalir. Me interesa mucho el tema de invertir, pero no me interesa todo lo que sea cripto y esas cosas piramidales de internet. Espero que los comentarios tambien le sirvan a otras personas que est√°n en la misma situaci√≥n. Actualmente estoy trabajando pero no me alcanza, me gustaria ganar dinero de otras fuentes. Les leo y de antemano agradezco"
Compras online desde Argentina,"Hola!, creo este post para consultar si alguien sabe como comprar desde Argentina en los sitios web de Paraguay como nissei, chinashopping, megaelectronicos, mobilezone, etc y no morir en el intento. Cuento solo con cripto y las tarjetas que tengo no tienen el l√≠mite que necesito, lo que est√° haciendo que se convierta en un gran dolor de cabeza.

La idea es comprar las cosas por mi parte y enviar todo a lo de un amigo para que me lo traiga a Argentina.

Opciones que encontr√©:  
Lemon cash, vi que los montos de operaciones son altas y los l√≠mites de compra son muy bajos, necesito por lo menos poder contar con montos de 4 playstation 5.

Tarjeta binance, no encontr√© l√≠mites de compra y no s√© si es posible usarla en el pa√≠s.

Me ofrecieron una persona que puede ir a comprar, pagar en moneda local, retirar y entregar al domicilio que necesito pero con un costo elevado en dolares por cada comercio.

Otra alternativa que me ofrecieron ser√≠a con un servicio de ""shop for me"" que, pese al honorario adicional en dolares, resulta la mejor opci√≥n hasta ahora.

Si alguien tiene info al respecto se lo agradecer√≠a."
Tengo 15 millones,Que negocios m√°s o menos recomiendan con esa cantidad de capital... Nada que sea cripto o pir√°mides
Ingreso segundario en paraguay,"Buenas tardes para todos, me podrian ayudar con una idea de ingreso segundario en Paraguay?.

Estoy buscando generar otro ingreso a parte del que ya tengo(trabajo en una empresa), busco uno fisico que no sea tipo inversion digital o algo de cripto y demas. Sino uno fisico, venta de productos o algun negocio.

Si alguien tiene experiencia en eso y me pueda ayuar porfa

Gracias !"
"Billetera cripto: gente, evidentemente dejar criptomonedas en exchanges est√° visto que no es seguro (sobre todo al ver lo de FTX). Que Wallet recomiendan? Que sea segura sin que sea una cold Wallet?",(sin texto)
mineria de criptomonedas,"Buenas tardes gente quisiera saber como podria minar cripto desde casa, cuanto es la capital o fondo minimo que necesito para empezar y si vale la pena, tambien me interesaria saber alguna sugerencia acerca de que cripto podria minar, ya que √∫ltimamente me empezo a interesar el tema por que lei que el costo de electricidad de este pais es ""bajo"" en relaci√≥n a los otros pa√≠ses donde mas bitcoins se mina"
"Bitcoin en Paraguay; amigos que usan cripto en Paraguay ""no justamente como inversi√≥n"" sino para hacer sus transacciones compra venta; mejorar aplicaciones para comprar, experiencias buenas/malas.?",(sin texto)
Ingresar dinero de venta de criptomonedas en la banca paraguaya,"Hola, ¬øalguien se maneja en cripto por aqu√≠?. Me consta que en Paraguay la ley permite cambiar criptomonedas por dinero de curso legal y por bienes y servicios pero a la vez los bancos parece que no aceptan dinero proveniente de esas actividades. ¬øAlguien conoce qu√© formas usan los inversores cripto para meter su dinero en el banco?"
Cryptomonedas y un paraguayo viviendo en el extranjero. Situaci√≥n legal ?,"Hola redditors. Como andan ?

Soy paraguayo viviendo en Europa hace unos a√±os ya, me fui de CDE hace 10 a√±os. Estoy de visita por el subreddit r/Paraguay  para saludar y sacarme unas dudas.

Yo tengo un poco de crypto ahorrado (no mucho) y pienso, cuando vuelva a Paraguay como podre hacer para poder convertir las criptomonedas en fiat (dinero tradiccional guaranies/dolares) ?

Cual es la situacion legal del cripto alla ? Es para como funciona la imposicion fiscal y cuando hay que pagar. Si tienen algun consejo les agredeceria.

&#x200B;

Gracias y saludos"
¬øAlguna forma de depositar d√≥lares en alg√∫n banco sin pagar comisiones por dep√≥sito?,"Hasta ahora s√© que se pueden hacer transferencias de una cuenta de d√≥lares a otra en d√≥lares sin comisiones. La otra forma que s√© es haciendo una transferencia SWIFT a un banco extranjero (pagando en efectivo) y luego mandando el dinero a PY de nuevo, pero solamente funciona con cantidades muy grandes de dinero, ya que igual cobran comisiones por env√≠o y dep√≥sito.

Si saben alguna forma para transformar d√≥lares en efectivo directo a cripto tambi√©n sirve."
Ganar cripto f√°cil? Lee esto!,(sin texto)
"PayPal, crypto u otros","Buenas. Tengo el siguiente problema. Empec√© a trabajar online, en una plataforma que se llama Cambly. El tema es que solo pagan por PayPal. Tengo cuenta, pero entiendo que no podr√© retirar la plata ac√° en Paraguay. Estoy viendo maneras para poder efectivizar lo que gano. Las dos opciones que tengo creo que son comprar cripto monedas con lo que me pagan a paypal, o abrir una empresa en Estonia, y de ahi poder hacerme transferencias bancarias.

&#x200B;

Hay alguna otra opcion? Estuve investigando tambien TransferWise, Neteller y Payoneer"
Cripto Moneda,Que saben de Cripex o de cripto Moneda en paraguay? Se puede operar y comprar Bitcoin/Ethereum?
$$,**Alguien que invierta en la Bolsa?? que no sea Cripto.**
Ayuda con ciberseguridad,"Buenas, hace dos semanas recibi un correo (21/4) el mismo fue enviado desde mi cuenta de microsoft y estaba entre correos no deseadsos, lo abro hoy y es un mensaje diciendo estar infectado con pegasus y para pasar cierto monto en criptomonedas, adem√°s de que el mensaje ser√≠a notificado una vez abierto (hoy), no tengo mucha seguridad con el mismo y quisiera saber si alguno podr√≠a dar una mano con eso, hay forma de identificar la veracidad de este?"
Criptomonedas.,"Buenas gente, alguien sabe desde que plataforma puedo efectivizar bitcoins en paraguay para hacer el retiro desde mi cuenta bancaria?."
Que opinan del trading?,"Les p√°rese una estafa el tema del trading? Yo planeo invertir 10 d√≥lares alprincipio para ir probando y una ves que me valla bien invertir cantidades ya m√°s altas, el broker que utilizar√© ser√° binance y ser√° el trading de criptomonedas, que opinan..."
Mineria ¬øilegal?,"Acabo de ver un posteo en X de la Fiscalia jactandose de un procedimiento por haber descubierto una granja de mineria ""clandestina"" de criptomonedas. 

Que yo sepa no es una actividad regulada, ¬øcual es la ""clandestinidad"" de una actividad de ambito provado en una propiedad privada que no esta prohibida por ley?

Se me ocurre que la conexion electrica puede ser clandestina (suelen recurrir a eso los cachafas porque se consume mucha energia electrica) aun asi no es motivo suficiente para ingresar a tu propiedad e incautar equipos, las conexiones clandestinas son un delito de accion penal privada, la ANDE debe documentar y demandar. 

Me llama la atencion que nadie conoce sus derechos y la gente en general no sabe diferenciar estas cosas. 

¬øQue aprendieron en la escuela?"
C√≥mo hacen para cobrar en USDT o criptomonedas sus trabajos? y en que plataformas o apps lo hacen? Fiverr y upwork no tienen esas opciones,(sin texto)
Crypto,"Quiero iniciarme en el mundo de las criptomonedas, alg√∫n curso gratuito que recomiendan? Mi conocimiento acerca del tema es pr√°cticamente nulo, me gustar√≠a aprender a comprar cryptos, pagar, transferir, etc."
Estadounidense buscando hacer amigos en Paraguay,"¬°Hola otra vez m√°s! Soy estadounidense y estoy planeando mudarme a Paraguay. Me gustar√≠a hacer amigos locales, pero tengo algunas reservas al respecto. He notado que muchos de los expatriados en Paraguay son personas vinculadas al mundo de las criptomonedas, antivacunas, teor√≠as conspirativas, y evasi√≥n de impuestos. Honestamente, no es mi tipo de gente, y no me atrae mucho ese ambiente. Tambi√©n he visto que muchos llevan vidas bastante lujosas y no suelen mezclarse con personas fuera de su clase social o econ√≥mica. Yo, por el contrario, llevo una vida m√°s modesta, sin lujos, y mi objetivo es conectar con paraguayos de clase trabajadora y clase media.

Quiero agregar que, en mi experiencia viviendo en otros pa√≠ses de Am√©rica Latina, ha sido realmente dif√≠cil hacer amigos, especialmente en culturas m√°s conservadoras, por el simple hecho de ser extranjero. Donde vivo ahora, la gente es amable, pero nadie se acerca lo suficiente para llegar a ser amigos. La mayor√≠a de las personas con las que interact√∫o se sienten inc√≥modas por el hecho de que soy extranjero, son muy penosas, y asumen que voy a sentir desprecio por su estilo de vida, que los mirar√© de menos o que de alguna manera los humillar√©.

Entiendo y reconozco la validez de sus reservas, pero nunca mirar√≠a a alguien de menos por tener menos recursos econ√≥micos, educaci√≥n, posesiones, etc. No me siento como alguien ""fresa"" como dicen los mejicanos o ""cuico"" como dicen los chilenos. Me siento igualmente c√≥modo en una casa con cer√°mica y aire acondicionado como en una con piso de tierra y poco m√°s. Los √∫nicos que realmente han sido acogedores hasta ahora han sido los evang√©licos, y aunque muchos de ellos son buena gente, no soy religioso ni me interesa hablar de todos los temas a trav√©s de la lente del cristianismo.

Mi pregunta es, ¬øestoy a punto de enfrentarme a una situaci√≥n similar en Paraguay, o existe la posibilidad de hacer amigos en lugares fuera de Asunci√≥n, como Paraguar√≠ o Caacup√©? ¬øEs probable que pueda encontrar personas con intereses similares a los m√≠os en estas √°reas, o en Asunci√≥n tambi√©n, que no tendr√≠an pena por conocerme? ¬øD√≥nde los puedo encontrar?

Me gustar√≠a conocer gente que disfrute de leer una buena novela, estudiar historia por diversi√≥n, discutir pol√≠tica y temas sociales, contribuir de manera desinteresada a su comunidad, pasar tiempo en la naturaleza, el arte, la m√∫sica, etc. En resumen, busco conectar con personas aut√©nticas que valoren las cosas sencillas de la vida. 

S√© que abundan ese tipo de gente en nuestro mundo, solo quiero saber d√≥nde los puedo encontrar en Paraguay y si existen algunos que no tendr√≠an pena de conocer un gringito como yo jaja!

¬°Gracias de antemano por cualquier consejo o recomendaci√≥n que puedan compartir!"
Bitcoin,"Alguien que est√© en el tema.??
Me gustar√≠a comprar Criptomonedas de manera totalmente an√≥nima y efectivisarlo a futuro."
Dinero del extranjero,"Despu√©s de leer varios posts, la mejor opci√≥n para retirar dinero del extranjero ser√≠a por medio de criptomonedas? Pero luego c√≥mo pasar las criptos a guaran√≠es alguien sabe??"
La ANDE √∫ltimamente anda incautando muchas m√°quinas de Criptomonedas. la gente es muy evidente o como cre√©n que son descubiertos?,(sin texto)
D√≥nde cambiar criptomonedas a d√≥lares o guaran√≠es en Paraguay?,Experiencias usando criptomonedas en Paraguay
Pagar con criptomonedas en comercios o lugares gastron√≥micos en Paraguay,Alguna experiencia de locales comerciales que acepten criptomonedas en Paraguay?
Paraguay y criptomonedas,"Me gustar√≠a hablar sobre un tema un poco delicado: Cripto en Paraguay.

√öltimamente, est√° teniendo un boom en Paraguay, con varias noticias sobre proyectos de ley y con varios exchanges locales. Lo que s√≠, quise probar y me fui a los tres m√°s ""grandes"" o m√°s renombrados: Cripex, Bitbase y X4T, adem√°s del P2P.


Cripex parece que ya ni existe, su sitio web no funciona y no se puede contactar a nadie.

En Bitbase quise comprar Bitcoin por 200.000Gs. Primero, me dijeron que necesitaba una wallet propia, cosa que no ten√≠a. En la tienda venden algunas, pero cuestan m√°s de 100$ y son mucho m√°s caras que en Amazon y otros lugares. Un amigo m√≠o tiene una wallet para recibir Bitcoin, as√≠ que lo hicimos con su wallet. Y ah√≠ vino la gran sorpresa:  
en una compra de 200.000Gs hubo una comisi√≥n de 36.373Gs, ~18,37%. Adem√°s, nos dieron un tipo de cambio falso. El tipo de cambio oficial era 1BTC=213.251.786 en julio del a√±o pasado cuando compr√©. El tipo de cambio de Bitbase era 1BTC=274.857.417. Eso es una diferencia de casi el 28,89%. Si sumamos ambas ""comisiones"", Bitbase cobr√≥ una comisi√≥n de 47,26% sobre una compra de 200.000Gs, unos 94.520Gs. No me avisaron de estas comisiones antes y me siento estafado.

Despu√©s escuch√© sobre X4T, una exchange nueva ac√° en Paraguay. El registro fue r√°pido y tambi√©n te dan una wallet gratuita para recibir, enviar y comprar Cripto. Ah√≠ tambi√©n podes comprar Cripto por efectivo o vender. Adem√°s, ofrecen transferencias bancarias y ahora una tarjeta de d√©bito, que para m√≠ en lo personal es cara, pero para los que est√°n bien metidos en el mundo Cripto y valoran la anonimidad, les puede interesar. No hubo comisiones para el dep√≥sito, solo cobran 2%-3% para retirar. El soporte es s√∫per √∫til y me explicaron todo lo importante como novato, adem√°s pude contactar al soporte v√≠a WhatsApp para cualquier otra duda.

Mi amigo mencion√≥ que siempre hace P2P. En este caso, te encuentras con un comprador/vendedor, seg√∫n lo que necesites, y podes cambiar cripto por efectivo. Se encuentran en la casa de alguien o en otro lugar y ah√≠ hacen la transacci√≥n. A √©l le funciona bien, pero es un proceso incre√≠blemente complicado para principiantes y adem√°s mucho mas caro. Los vendedores cobran entre 6%-15%, lo hacen de manera ilegal y todo el negocio se basa en ""confianza"".

Tengo curiosidad de ver hacia d√≥nde va todo esto del Cripto y qu√© dice nuestro gobierno. Personalmente, me gustar√≠a que los bancos pierdan su monopolio y que Bancard no controle todas las finanzas del pa√≠s."
Comprar auto al contado,"Hola! Quisiera saber si se puede realizar la compra de un auto al contado en efectivo, y si piden origen de fondos, trabajo para el exterior y cobro en criptomonedas y me seria un poco complicado justificar, existe un monto m√°ximo? O que recomiendan.

No se si solamente mi contrato con la empresa serviria para justificar los fondos?"
Hay alguna forma de trabajar con binance desde Py,Veo que hay restricciones para poder operar o hacer traspaso de dinero mediante banco a Internet mediante p√°ginas de criptomonedas o traiding
"CDE D√≥nde hay locales f√≠sicos de Exchange de criptomonedas (DAI, Thether) a Guaran√≠es/USD",(sin texto)
Independizacion? en Paraguay?,"Me graduo en 2024 y busco independizarme de mis padres. Que tan factible es? Cuales serian unos pasos o tips para poder independizarme?

La idea que tengo primero es; conseguir un laburo, conseguir un auto. Hacer uber despues de salir del trabajo. Juntar plata y despues buscar un depto que no sea tan caro, mudarme al depto con un colchon y de ahi crecer de a poco. 

Buscando online veo gente que dice de conseguir un ingreso pasivo y esas cosas pero realmente eso no funciona en paraguay. Si para mantenerme el dia a dia ya utilizo todos mis ingresos, como es posible un ingreso pasivo? Nada de inversiones y criptomonedas y esas macanadas. 

Como se independizaron? Es realmente cara la renta en asuncion? o debo ir a luque/mariano/fernando de la mora?"
Ideas para ingresos pasivos en PY?,"Digamos que por motivos de formaci√≥n acad√©mica no puedo trabajar, solo estudiar, alguien sabe en que puedo invertir que me genere ingresos pasivos algo asi como la miner√≠a de criptomonedas."
CRIPTOMONEDAS EN PARAGUAY,"Buenas muchachos, como est√°n?. Quisiera saber si alguno de ustedes tiene experiencia comprando CRIPTOMONEDAS y/o grupos donde pueda unirme para aprender m√°s acerca de eso, lo quiero hacer como un hobbie porque me llama mucho la atenci√≥n, el otro d√≠a compr√© una DOGECOIN por menos de un centavo de d√≥lar, y quiero de a poco ir aprendiendo m√°s acerca de c√≥mo ganar plata con eso, cualquier ayuda se agradece."
Criptomonedas,Conocen alguien que compre criptos? A cambio de d√≥lares o guaran√≠es? O alguna casa de cambio exclusivo de criptos. Cualquier info me vendr√≠a bien
Cryto,"Que piensan de la miner√≠a de criptomonedas en Paraguay, es rentable?"
Alg√∫n m√©todo para ganar criptomonedas en py?,"Alguna forma de generar dinero con criptomonedas en Paraguay, ya se invirtiendo o o gratis. O alg√∫n otro m√©todo de ganar dinero a trav√©s del celular?"
Efectivizar Criptomonedas en Paraguay,"Buenas a todos.

Como puedo efectivizar mis criptomonedas aqu√≠ en Paraguay? Tengo BTC, ETH, USDT pero quiero efectivizarlo a Gs o USD, cualquiera de las dos me sirve. Si alguien podria guiarme como, si hay una entidad en donde acudir o cualquier otro m√©todo."
Efectivizar Criptomonedas,Saben como puedo efectivizar mis criptomonedas acumuladas en binance? tengo unos dolares acumulados pero no se como puedo efectivizarlos...
criptomonedas en paraguay,Saben como puedo comprar bitcoins o alguna moneda desde paraguay? Satochipa te cobra una comisi√≥n muy alta y desde apps que conozco solo se puede comprar m√≠nimo 30$
D√≥nde comprar criptomonedas en Paraguay?,"Buenos d√≠as, estaba buscando la forma de comprar algunas criptomonedas pero hasta ahora no encontr√© ninguna forma de comprar criptomonedas de forma segura al menos en Paraguay. ¬øQue p√°gina o App recomiendan para adquirir?"
"Billetera cripto: gente, evidentemente dejar criptomonedas en exchanges est√° visto que no es seguro (sobre todo al ver lo de FTX). Que Wallet recomiendan? Que sea segura sin que sea una cold Wallet?",(sin texto)
"Trabajo para una grande empresa de miner√≠a de criptomonedas en Paraguay, hagan sus preguntas.","Responder√© todo lo que no sea de car√°cter personal o confidencial, come on!"
"Crypto en Paraguay, ¬øya est√°n bien utilizados?","¬øUstedes de Paraguay usan criptomonedas?  Soy de Brasil, si voy con d√≥lares en binance, ¬øpodr√≠a retirar estos d√≥lares?  ¬øLas tiendas aceptan criptomonedas?"
"Criptomonedas; que opinan del proyecto de ley; a favor, en contra, sugerencias?",(sin texto)
mineria de criptomonedas,"Buenas tardes gente quisiera saber como podria minar cripto desde casa, cuanto es la capital o fondo minimo que necesito para empezar y si vale la pena, tambien me interesaria saber alguna sugerencia acerca de que cripto podria minar, ya que √∫ltimamente me empezo a interesar el tema por que lei que el costo de electricidad de este pais es ""bajo"" en relaci√≥n a los otros pa√≠ses donde mas bitcoins se mina"
¬øComo invertir?-Criptomonedas/Trading,"Me surge la pregunta si es conveniente invertir y si es rentable con poco riesgo de p√©rdida 
Alguien conoce Comerce IQ?"
Crypto mineracion en Paraguai,"Alguien por aqui Hace mineracion de Criptomonedas en Paraguay?

He visto varios videos de personas usando Asics y gpus en Paraguay, qual es el kwh ?"
"Buenas, alguno aqu√≠ utiliza la aplicaci√≥n Hapi (App para comprar acciones, ETFs y criptomonedas desde Latinoam√©rica) que tal es aqu√≠ en Paraguay? O si me recomiendan alguna para empezar con el trade de acciones!?",(sin texto)
¬øHay manera de comprar comida con criptomonedas?,"Hola, consegu√≠ un ""trabajo"" por internet y me depositan en USDT, me gustar√≠a saber si existe alguna opci√≥n para hacer compras, espec√≠ficamente de comida a trav√©s de criptomoneda en Paraguay, estuve investigando un poco y vi que existen esos servicios en Chile, Argentina y M√©xico, pero sobre Paraguay no encontr√© nada y la verdad que tampoco estoy muy esperanzado de que se pueda, pero si alguno conoce de alg√∫n supermercado/restaurante que acepte criptomoneda estar√≠a bueno que me lo pueda recomendar :D"
Ingresar dinero de venta de criptomonedas en la banca paraguaya,"Hola, ¬øalguien se maneja en cripto por aqu√≠?. Me consta que en Paraguay la ley permite cambiar criptomonedas por dinero de curso legal y por bienes y servicios pero a la vez los bancos parece que no aceptan dinero proveniente de esas actividades. ¬øAlguien conoce qu√© formas usan los inversores cripto para meter su dinero en el banco?"
Ley de Miner√≠a en Py,"Se aprob√≥ la ley de miner√≠a en Paraguay, lo que convierte a esa actividad en una fuente gravada y regulada por el estado.

Obviamente la ley no da ninguna ventaja a los mineros, pero me pregunto si eso dejar√° la puerta abierta a que se empiecen a aceptar las criptomonedas como medio de pago.

Esta apertura, beneficiar√° o perjudicar√° al minero y a la sociedad? Ya que el senador Buzarquis est√° promoviendo el minado de BTC como si fuera la panacea a todos los males.



Saludos!"
Criptos,Alguien sabe del grupo de pyos que tradean/holdean con criptomonedas?
JUEGOS NFT Y CRIPTOMONEDAS,"que tal gente, ¬øC√≥mo andan?, Llevo un tiempo haciendo peque√±as inversiones en criptos y ahora me estoy metiendo en los juegos nft. Entre pensar y pensar me di√≥ curiosidad saber si alguien de los compatriotas aqu√≠ presentes tiene alguna inversi√≥n con alg√∫n proyecto NFT? ya sea axie Infinity o similares"
Binance,"¬øSe puede comprar Criptomonedas con la tarjeta prepago Pagopar o billetera Tigo, personal?"
Cryptomonedas y un paraguayo viviendo en el extranjero. Situaci√≥n legal ?,"Hola redditors. Como andan ?

Soy paraguayo viviendo en Europa hace unos a√±os ya, me fui de CDE hace 10 a√±os. Estoy de visita por el subreddit r/Paraguay  para saludar y sacarme unas dudas.

Yo tengo un poco de crypto ahorrado (no mucho) y pienso, cuando vuelva a Paraguay como podre hacer para poder convertir las criptomonedas en fiat (dinero tradiccional guaranies/dolares) ?

Cual es la situacion legal del cripto alla ? Es para como funciona la imposicion fiscal y cuando hay que pagar. Si tienen algun consejo les agredeceria.

&#x200B;

Gracias y saludos"
Cuando sos un rico pobre jaja hay que invertir en criptomonedas gente üò¨,(sin texto)
Forma efectiva de recibir dinero internacional?,"Que formas conocen de recibir dinero aca en paraguay por trabajos online? Ya que paypal no permite cobrar, como uno puede hacer para cobrar dinero por trabajo freelance, servicios como twitch/youtube o inclusive por compra/venta/mineria de criptomonedas? A ver si conocen algun metodo para retirar, o en todo caso alguna vuelta para hacer llegar el dinero a una cuenta bancaria."
Alguien tiene experiencia con Criptomomnedas?,"Buenas, hay alguna forma de recibir y enviar criptomonedas estando en Paraguay?

Basicamente me invitaron a una feria online para poder vender obras de arte y se realiza obviamente de manera online y el pago es mediante criptomonedas.

Alguna guia que pueda ver que me puede servir estando especificamente en Paraguay o algun dato relevante, todo es bienvenido, gracias!"
Banco Central de Paraguay Se√±ala que las Criptomonedas No Tienen Regulaci√≥n en el Pa√≠s,(sin texto)
Bancos de Paraguay cerrar√°n cuentas a un exchange de criptomonedas local,(sin texto)
Largest Bitcoin miner bets big on Paraguay expansion: 'We‚Äôre going up above 400%',(sin texto)
2025 en 10 a√±os ahorros en Bancos o Ahorros en Bitcoin.?,"Si bien de aqu√≠ a 10 a√±os el valor de la moneda se desvalorizara habr√° obviamente siempre m√°s inflaci√≥n.
Tienes alg√∫n plan de ahorro en un banco?
Piensan que eso es mejor que Comprar y Holdear (hodl) Bitcoin de ac√° a 10 a√±os el futuro ser√° bitcoin.
Les aconsejo que vayan comprando. En 2009 val√≠a menos de un d√≥lar hoy en d√≠a es el boom üí• 
No olviden este post"
Map of Global Bitcoin (BTC) Mining Hashrate: A Visual Breakdown of Computing Power Worldwide,(sin texto)
Encuentro Bitcoin en Encarnaci√≥n.,"Hola a todos, me gustar√≠a compartir con ustedes el encuentro bitcoin que se realizar√° en Encarnaci√≥n, del grupo Bitcoin Paraguayo.

>üó£Ô∏è √önete a nosotros para nuestra reuni√≥n mensual de Bitcoin en Encarnaci√≥n

>üìÖ Fecha: Viernes, 13 de Diciembre  
üïô Hora: 19:00 - 22:00  
üìç Lugar: Galway Irish Pub üçª

>Por favor reg√≠strate aqu√≠: [

>Habr√° material informativo oficial de Bitcoin Paraguay para repartir. Se ayuda a configurar billetera Lightning, con sats de bienvenida üòä"
Bitcoin,"Alguien que est√© en el tema.??
Me gustar√≠a comprar Criptomonedas de manera totalmente an√≥nima y efectivisarlo a futuro."
bitcoin,"no s√© una chota de bitcoin, pero preciso abrirme una wallet. ¬øqu√© es lo b√°sico que debo saber? ¬øalg√∫n consejo?

pd: para recibir pagos"
Paraguay y criptomonedas,"Me gustar√≠a hablar sobre un tema un poco delicado: Cripto en Paraguay.

√öltimamente, est√° teniendo un boom en Paraguay, con varias noticias sobre proyectos de ley y con varios exchanges locales. Lo que s√≠, quise probar y me fui a los tres m√°s ""grandes"" o m√°s renombrados: Cripex, Bitbase y X4T, adem√°s del P2P.


Cripex parece que ya ni existe, su sitio web no funciona y no se puede contactar a nadie.

En Bitbase quise comprar Bitcoin por 200.000Gs. Primero, me dijeron que necesitaba una wallet propia, cosa que no ten√≠a. En la tienda venden algunas, pero cuestan m√°s de 100$ y son mucho m√°s caras que en Amazon y otros lugares. Un amigo m√≠o tiene una wallet para recibir Bitcoin, as√≠ que lo hicimos con su wallet. Y ah√≠ vino la gran sorpresa:  
en una compra de 200.000Gs hubo una comisi√≥n de 36.373Gs, ~18,37%. Adem√°s, nos dieron un tipo de cambio falso. El tipo de cambio oficial era 1BTC=213.251.786 en julio del a√±o pasado cuando compr√©. El tipo de cambio de Bitbase era 1BTC=274.857.417. Eso es una diferencia de casi el 28,89%. Si sumamos ambas ""comisiones"", Bitbase cobr√≥ una comisi√≥n de 47,26% sobre una compra de 200.000Gs, unos 94.520Gs. No me avisaron de estas comisiones antes y me siento estafado.

Despu√©s escuch√© sobre X4T, una exchange nueva ac√° en Paraguay. El registro fue r√°pido y tambi√©n te dan una wallet gratuita para recibir, enviar y comprar Cripto. Ah√≠ tambi√©n podes comprar Cripto por efectivo o vender. Adem√°s, ofrecen transferencias bancarias y ahora una tarjeta de d√©bito, que para m√≠ en lo personal es cara, pero para los que est√°n bien metidos en el mundo Cripto y valoran la anonimidad, les puede interesar. No hubo comisiones para el dep√≥sito, solo cobran 2%-3% para retirar. El soporte es s√∫per √∫til y me explicaron todo lo importante como novato, adem√°s pude contactar al soporte v√≠a WhatsApp para cualquier otra duda.

Mi amigo mencion√≥ que siempre hace P2P. En este caso, te encuentras con un comprador/vendedor, seg√∫n lo que necesites, y podes cambiar cripto por efectivo. Se encuentran en la casa de alguien o en otro lugar y ah√≠ hacen la transacci√≥n. A √©l le funciona bien, pero es un proceso incre√≠blemente complicado para principiantes y adem√°s mucho mas caro. Los vendedores cobran entre 6%-15%, lo hacen de manera ilegal y todo el negocio se basa en ""confianza"".

Tengo curiosidad de ver hacia d√≥nde va todo esto del Cripto y qu√© dice nuestro gobierno. Personalmente, me gustar√≠a que los bancos pierdan su monopolio y que Bancard no controle todas las finanzas del pa√≠s."
"Paraguay proh√≠be cripto. Debo vender mi Bitcoin antes de la nuevo ley o que? No quiero estar criminal. No soy minador, solo tengo un poco Bitcoin como inversion.",(sin texto)
Bitcoin comprar?,"A ustedes le aparece sugerencias de comprar Bitcoins?
As√≠ como sol√≠an anunciarlo hace 10 a√±os atr√°s?
Y que opinan?"
Bitcoin en Paraguay?,(sin texto)
Que opinan del Bitcoin en Paraguay,(sin texto)
Es legal minar bitcoin en Paraguay?,S√© que hace poco rechazaron la regulaci√≥n pero se puede minar igual? Vivo en el extranjero y estoy interesado en la idea de realizar esto en Paraguay.
Mining ban in Paraguay fails - free rein for Bitcoin miners!,(sin texto)
"Bitcoin en Paraguay; amigos que usan cripto en Paraguay ""no justamente como inversi√≥n"" sino para hacer sus transacciones compra venta; mejorar aplicaciones para comprar, experiencias buenas/malas.?",(sin texto)
Bitcoin en Parawhy,"Buenas a todos, estoy necesitando comprar Bitcoin (BTC), recientemente trate de hacerlo mediante Binance, pero por alguna raz√≥n no me deja hacer el pago con mi tarjeta (Tengo una prepago Visa de Banco Atlas) y la verdad que es demasiado quilombo esto del Bitcoin y quisiera saber si alguien a lo mejor maneja alguna pagina o alguna manera de comprar y transferir BTC en este pais de mierda donde aparentemente todo luego es imposible a no ser que vendas tu culo a la pol√≠tica la puta madre necesito ayuda."
ahorrar con sueldo minimo,"Un tema bastante dif√≠cil de encarar para algunos porque el sueldo es un tkk pero seguro que hay alguna manera de ahorrar y poder depositar en alguna cooperativa o banco con ahorro programado (no metan bitcoin porque es m√°s complejo solo ahorro) y bueno ser√≠a interesante leer la opini√≥n de algunos para ahorrar y tener alg√∫n fondo por si acaso. 


ALGUNA EXPERIENCIA CON BANCOS O COOPERATIVAS estar√≠a interesante leer y sus m√©todos"
Como comprar Bitcoin en Paraguay?,Cu√°les son las opciones para comprar Bitcoin en Paraguay (cambiar PYG a BTC)?
Paraguay on the Verge of Accepting Bitcoin as Legal Tender in 2022?,(sin texto)
How one of South America‚Äôs biggest dams became a Bitcoin battleground,(sin texto)
cu√°ndo pio se va ser oficial el bitcoin?,(sin texto)
Would you buy and ship a newspaper for Bitcoin?,"Hi, it is possible in a few weeks Paraguay may make Bitcoin legal tender. If that day comes, I'm looking for someone onsite to buy the local newspaper and ship it to me for a Bitcoin fee. Anyone interested?"
Cripto Moneda,Que saben de Cripex o de cripto Moneda en paraguay? Se puede operar y comprar Bitcoin/Ethereum?
Que opciones pio hay para Bitcoin en Asunci√≥n,"Buenas,

Que otras opciones hay a parte de Cripex para cambiar bitcoin ? Conocen algo?

edit: efectivizar bitcoin creo que ser√≠a lo indicado"
BTC sugerencias,"Buenas! alguien tiene experiencias de efectivizar bitcoin en PY?  Paypal es lo mas seguro pero como sabemos es imposible recibir en cuentas creadas en py, no se si es posible realizar transferencias a cuentas de Banco"
Looking for someone with a Finance background to do research for me in Asuncion,"Hey mods, if this post is not appropriate, please let me know and I will remove.

Hello my Paraguayan friends,
I would like to hire someone to do some research for me in Asuncion. I have reached out to my friends in Asuncion, but so far, nothing. So I figured I would try here on Reddit.

I would like to pay someone for their time to do research for me. I need someone who: 1) knows English reasonably well; 2) has a degree in Finance or Economics; 3) has some knowledge about the Asuncion Stock Exchange (BVPASA), or can do research and find the answers.

Basically, I have a long list of questions. If the right person can answer them, I'm happy to pay an hourly fee for their research.

I am happy to pay via Western Union or PayPal or Bitcoin or whatever their choice. I expect my questions will generate several hours of research.

Please let me know."
"¬øQu√© pas√≥ ayer con UniSwap? No entiendo nada, ¬øc√≥mo es posible que regalaran d√≥lares?","**Buenas tardes, gente.**

B√°sicamente, lo que dice el t√≠tulo. Me despert√© esta ma√±ana con la noticia de que muchas personas ganaron entre 1200usd y 15000usd por haber hecho un par de transacciones con UniSwap.

No estoy muy metido en el mundo de las cryptos, lo √∫nico que conozco es Bitcoin y Ethereum, con las cuales nunca oper√©. Imaginense que no ten√≠a idea de que existiera UniSwap.

Bueno, el tema es el siguiente, durante todo el d√≠a me llegaron posts en Facebook e Instagram de TronLink Pro, otra Crypto. En donde supuestamente hay que registrarse y te dan cr√©ditos.

¬øQu√© onda con esto? ¬øUstedes creen que puedan llegar valer algo esos cr√©ditos en unos meses? ¬øEs seguro registrarse? ¬øO te roban los datos?

**El mensaje siempre es el mismo:**

>""Si aprovechaste la oportunidad de los 400 UNI de UniSwap, hay otro Airdrop prometedor, TronLink Pro. Te dan 300 cr√©ditos con s√≥lo registrarte.  
Paso 1: Descargar TronLink Pro en la app store.  
Paso 2: Crear una cuenta  
Paso 3: Luego de crear la cuenta, selecciona ""Me"" en el panel inferior.  
Paso 4: Seleccionar Invite a Friend  
Paso 5: Selecciona Claim Rewards e introduce el c√≥digo 9Fbs y recibiras los 300 cr√©ditos.  
Los cuales podr√≠an valer 50usd, 100usd o 500usd. As√≠ sean 100usd, ya es ganancia por s√≥lo dos minutos que te toma registrarte.""

No se, me parece sospechoso. Pero, por otro lado, me sentir√≠a medio tonto si me entero en unos meses que esos ""cr√©ditos"" ten√≠an valor....

Gracias, gente!"
"En Paraguay, Ya Se Pagan Importaciones con Bitcoin",(sin texto)
"Paraguay Emerges as Popular Bitcoin Mining Destination, Weighs its Developmental Options",(sin texto)
Crypto a Fiat en PY,"Buenas, desde hace 6 meses por ahi vengo minando ethereum ocasionalmente, la cuestion es de que no se como convertir ese dinero a FIAT sin pasar por traders (mala experiencia)
Tengo a mi disposicion tafjetas prepagas de Visa y Mastercard, hasta ahora en lo unico que pude usar el btc fue en giftcards amazon via bitrefill pero pegaria pagarse un asado con crypto jajaj

Pd. No es mucho, alrededor de 10usd - 20 usd semanales"
Cripto Moneda,Que saben de Cripex o de cripto Moneda en paraguay? Se puede operar y comprar Bitcoin/Ethereum?
"¬øQu√© pas√≥ ayer con UniSwap? No entiendo nada, ¬øc√≥mo es posible que regalaran d√≥lares?","**Buenas tardes, gente.**

B√°sicamente, lo que dice el t√≠tulo. Me despert√© esta ma√±ana con la noticia de que muchas personas ganaron entre 1200usd y 15000usd por haber hecho un par de transacciones con UniSwap.

No estoy muy metido en el mundo de las cryptos, lo √∫nico que conozco es Bitcoin y Ethereum, con las cuales nunca oper√©. Imaginense que no ten√≠a idea de que existiera UniSwap.

Bueno, el tema es el siguiente, durante todo el d√≠a me llegaron posts en Facebook e Instagram de TronLink Pro, otra Crypto. En donde supuestamente hay que registrarse y te dan cr√©ditos.

¬øQu√© onda con esto? ¬øUstedes creen que puedan llegar valer algo esos cr√©ditos en unos meses? ¬øEs seguro registrarse? ¬øO te roban los datos?

**El mensaje siempre es el mismo:**

>""Si aprovechaste la oportunidad de los 400 UNI de UniSwap, hay otro Airdrop prometedor, TronLink Pro. Te dan 300 cr√©ditos con s√≥lo registrarte.  
Paso 1: Descargar TronLink Pro en la app store.  
Paso 2: Crear una cuenta  
Paso 3: Luego de crear la cuenta, selecciona ""Me"" en el panel inferior.  
Paso 4: Seleccionar Invite a Friend  
Paso 5: Selecciona Claim Rewards e introduce el c√≥digo 9Fbs y recibiras los 300 cr√©ditos.  
Los cuales podr√≠an valer 50usd, 100usd o 500usd. As√≠ sean 100usd, ya es ganancia por s√≥lo dos minutos que te toma registrarte.""

No se, me parece sospechoso. Pero, por otro lado, me sentir√≠a medio tonto si me entero en unos meses que esos ""cr√©ditos"" ten√≠an valor....

Gracias, gente!"
Efectivizar Criptomonedas en Paraguay,"Buenas a todos.

Como puedo efectivizar mis criptomonedas aqu√≠ en Paraguay? Tengo BTC, ETH, USDT pero quiero efectivizarlo a Gs o USD, cualquiera de las dos me sirve. Si alguien podria guiarme como, si hay una entidad en donde acudir o cualquier otro m√©todo."
Ayuda,"Buenas, estoy buscando alg√∫n veh√≠culo. Que acepte  (ETH) como pago."
Map of Global Bitcoin (BTC) Mining Hashrate: A Visual Breakdown of Computing Power Worldwide,(sin texto)
Ayuda con Asics de mineria crypto,"Hola gente, estoy interesado en adecuar mi local para minar btc, ya tengo las maquinas pero resulta que son demasiado ruidosas, alguien sabe o maneja alguna forma de silenciarlas sin que se calienten?
Ya les puse dentro de una estructura de paneles termoacusticos y espuma anti sonora, pero igual suenan fuertisimo"
Usdt / btc,Alguien que tenga usdt para venderme ahora mismo? Soy de Asu. Para concretar por Binance
¬øC√≥mo retirar BTC de miner√≠a de manera legal?,"Tengo ahorrado una cantidad de BTC en mi cuenta de Binance que acumul√© haciendo miner√≠a de cripto. S√© que existe la posibilidad de retirarlo con p2p, as√≠ que recibo una transferencia en guaranies en mi banco de alguna persona.

Mi pregunta es si voy a tener problemas por recibir una transferencia random de una persona en mi cuenta (supongamos 10 millones) y como se debe declarar eso legalmente y si se debe pagar IRP o hacer factura por el monto.

¬øAlguien sabe o tiene experiencia?"
Efectivizar Criptomonedas en Paraguay,"Buenas a todos.

Como puedo efectivizar mis criptomonedas aqu√≠ en Paraguay? Tengo BTC, ETH, USDT pero quiero efectivizarlo a Gs o USD, cualquiera de las dos me sirve. Si alguien podria guiarme como, si hay una entidad en donde acudir o cualquier otro m√©todo."
Bitcoin en Parawhy,"Buenas a todos, estoy necesitando comprar Bitcoin (BTC), recientemente trate de hacerlo mediante Binance, pero por alguna raz√≥n no me deja hacer el pago con mi tarjeta (Tengo una prepago Visa de Banco Atlas) y la verdad que es demasiado quilombo esto del Bitcoin y quisiera saber si alguien a lo mejor maneja alguna pagina o alguna manera de comprar y transferir BTC en este pais de mierda donde aparentemente todo luego es imposible a no ser que vendas tu culo a la pol√≠tica la puta madre necesito ayuda."
Ley de Miner√≠a en Py,"Se aprob√≥ la ley de miner√≠a en Paraguay, lo que convierte a esa actividad en una fuente gravada y regulada por el estado.

Obviamente la ley no da ninguna ventaja a los mineros, pero me pregunto si eso dejar√° la puerta abierta a que se empiecen a aceptar las criptomonedas como medio de pago.

Esta apertura, beneficiar√° o perjudicar√° al minero y a la sociedad? Ya que el senador Buzarquis est√° promoviendo el minado de BTC como si fuera la panacea a todos los males.



Saludos!"
Como comprar Bitcoin en Paraguay?,Cu√°les son las opciones para comprar Bitcoin en Paraguay (cambiar PYG a BTC)?
C√≥mo comprar BTC en persona en Ciudad del Este ?,"Hola gente,

Primero que nada bueno a√±o a todos.

Quer√≠a consultar como comprar crypto (BTC) en Paraguay face to face, en particular en Ciudad del Este. Yo se que existen exchanges P2P como Binance pero quiero comprar en efectivo en persona (y en seguridad).

Me han dicho que existen casas de cambio que venden tambi√©n BTC. Es as√≠ realmente ? Donde ?

Alg√∫n consejo ?


Muchas gracias"
Crypto a Fiat en PY,"Buenas, desde hace 6 meses por ahi vengo minando ethereum ocasionalmente, la cuestion es de que no se como convertir ese dinero a FIAT sin pasar por traders (mala experiencia)
Tengo a mi disposicion tafjetas prepagas de Visa y Mastercard, hasta ahora en lo unico que pude usar el btc fue en giftcards amazon via bitrefill pero pegaria pagarse un asado con crypto jajaj

Pd. No es mucho, alrededor de 10usd - 20 usd semanales"
Wallet recomendada para tener crypto en PY,"Hace un tiempo vine a Paraguay migrando desde Argentina, pero lo que note fue que los bancos son much√≠simos m√°s exigentes con el origen de los fondos, mis finanzas o negocios all√° no me sirven en este pa√≠s como justificativo alguno por lo que, de momento, me veo limitado, de igual manera quiero tener una wallet que me sea funcional en territorio paraguayo para financiarme con lo necesario de momento. Yo en Argentina usaba Bitso y localbtc, pero quer√≠a saber si en Paraguay hay alguna wallet de confianza o que este m√°s arraigada al estilo bitso. Necesito una wallet que pueda manejar tanto TUSD como BTC, localbtc la puedo usar para btc, pero no para TUSD as√≠ que esperaba encontrar algo de asesoramiento y ayuda, muchas gracias.

PD: si me pueden recomendar alg√∫n sub de finanzas de Paraguay les estar√≠a agradecidos"
BTC sugerencias,"Buenas! alguien tiene experiencias de efectivizar bitcoin en PY?  Paypal es lo mas seguro pero como sabemos es imposible recibir en cuentas creadas en py, no se si es posible realizar transferencias a cuentas de Banco"
Cryptocurrency exchange en Paraguay?,Existen exchanges de crypto en Paraguay? Para comprar y vender BTC por guaran√≠ o d√≥lares?
Comunidad Paraguaya en Hive,"Hola, despu√©s de mucho tiempo de no pasar por aqu√≠, y estar tratando de utilizar mi tiempo en internet de forma m√°s productiva, descubr√≠ (m√°s vale tarde que nunca) la Blockchain de HIVE, algo m√°s descentralizado y que a diferencia de otras redes sociales, comparte sus ingresos con los usuarios que son los que generan el contenido.

As√≠ pues, son invitados cordialmente a unirse a la Comunidad Hive Paraguay 



Y si lo estiman conveniente pueden utilizar el fronted de Ecency , que es uno de los m√°s sencillos de usar. Les dejo mi link de referidos aqu√≠ 

Si necesitan alguna ayuda al respecto pueden escribir sus dudas en el tema e intentar√© contestarlas apenas pueda o sepa."
Sistema financiero a nivel mundial,Que creen ustedes de que todo el sistema financiero va cambiar al blockchain dentro de 2 a√±os? o mas?
El paraguayo no conoce la web.0 ?,"Pregunto en serio sin querer armar pol√©micas, pero por qu√© se emperran en usar la web2.0 que lo √∫nico que hace es robar nuestros datos, bombardearnos con publicidad, y de yapa algunos hasta pagan para tener un check azul.

Bueno, les invito nuevamente a unirse a Hive y a la comunidad HiveParaguay y marcar un poco de presencia all√≠, que parece que soy la √∫nica paraguaya que utiliza redes sociales de la web3.0



Edit: ¬øEl paraguayo no conoce la web 3.0 ?"
futuro de los juegos NFT + sorteo espacio metaverso 7000$,(sin texto)
JUEGOS NFT Y CRIPTOMONEDAS,"que tal gente, ¬øC√≥mo andan?, Llevo un tiempo haciendo peque√±as inversiones en criptos y ahora me estoy metiendo en los juegos nft. Entre pensar y pensar me di√≥ curiosidad saber si alguien de los compatriotas aqu√≠ presentes tiene alguna inversi√≥n con alg√∫n proyecto NFT? ya sea axie Infinity o similares"
Retirar plata de Airtm,"Buenas! Consegu√≠ un trabajo remoto (!!!) y las dos √∫nicas opciones para el pago son paypal y airtm, y honestamente no tengo idea de como funciona üò≠ tengo que avisarle a mi banco? busqu√© otras preguntas relacionadas al tema ac√° y hablan de crypto y no entiendo absolutamente nada, ayudenme por favor"
Recibir dinero del exterior,"Mbaeteko los perros. Hoy se celebra porque consegu√≠ laburo remoto, mi pregunta es: saben c√≥mo podr√≠a recibir d√≥lares provenientes del extranjero de la forma m√°s f√°cil posible? No me molesta pagar el fee del banco, solo que me contaron que son rompe bolas y te hacen rebotar y eso (y como es mi sueldo necesito que sea constante). Vi esa opci√≥n de uglycash, pero me da miedo que sea crypto, adem√°s me gustar√≠a tener disponible en mi cuenta del banco para poder distribuir bien despu√©s (pagar servicios, hacer transferencias en guaran√≠es, etc.) y western uni√≥n no le quiero pedir a mi jefe que se vaya cada fin de mes a depositar tp. Alguien tiene experiencia con esto?"
Youtubers en py.,"Estando Speed tan cerca no puedo evitar pensar en quien podr√≠a guiarle por ac√° en caso de que venga, y que loco no se me ocurre nadie tragable, puede ser que pase lo mismo que panam√°, que fue una pasarela de personajes infumables.

Siempre me pregunte porque no hay youtubers paraguayos exitosos o medianamente conocidos por lo menos a nivel regional. Seguro hay poqu√≠simos casos pero son excepciones.

Los que hay son medio meh o hay contenidos mejores, la mayor√≠a tiene un humor insoportable que o es tercer tiempo versi√≥n a nadie o humor cheto que lo es mismo pero peor, aparte les llegas a conocer de verdad y son re a nadie, alzados re mala onda.

Igual la f√≥rmula b√°sica de un youtuber paraguayo suele ser: empezar haciendo comedia tipo enrique pav√≥n versi√≥n √±embo moderno o intento de humor argentino, crecer‚Äôi y cuando apenas se asoma una pizca de popularidad empezar a trabajar con tigo promocionando boludeces o vendiendo crypto, incluso peor, fusionarse con la far√°ndula de la tv.

En fin, mr. Graso es mi candidato m√°s serio para guiarle a Speed."
Crypto,"Quiero iniciarme en el mundo de las criptomonedas, alg√∫n curso gratuito que recomiendan? Mi conocimiento acerca del tema es pr√°cticamente nulo, me gustar√≠a aprender a comprar cryptos, pagar, transferir, etc."
Comisi√≥n baja remesa ARG/PY,"Buenas noches lectores. Tengo curiosidad de saber cu√°les son las maneras m√°s econ√≥micas y sencillas de enviar dinero desde Argentina hacia Paraguay. Agencias cl√°sicas como Western Uni√≥n, etc est√°n con comisiones por las nubes. Estuve evaluando env√≠os mediante crypto o alguna modalidad similar. Estar√© esperando sus comentarios. Muchas gracias y feliz a√±o!"
Como trabajar remotamente en Paraguay? (Sin cosas que tenga que ver con crypto trading),Existen algunas plataformas que pueden ser de gran ayuda para trabajar de forma remota? Y si es posible una empresa extranjera
L√≠mite de transferencias bancarias,"Cu√°nto es el monto maximo que se puede recibir o enviar sin tener que declarar o presentar alg√∫n comprobante de ingresos, (gano dinero vendiendo √≠tems de videojuegos a cambio de crypto y quiero saber cuanto puedo efectivizar)"
"Hay que regular y liberar USDT, USDC. Costo de transferencia centavos de d√≥lar VS 7% por m√©todos tradicionales","Remesas aportaron a la econom√≠a de Paraguay m√°s de US$ 6.000 millones



Paraguay se halla entre pa√≠ses con alto costo como receptor de remesas



Remesas en Paraguay: situaci√≥n e incidencia econ√≥mica




Edici√≥n:
Paraguayos en el exterior pagan en total 40 a 50 millones de d√≥lares por transferencia de remesas al pa√≠s. 

Cosa que puede costar unos miles d√≥lares en el peor de los casos con crypto monedas estables USDT o USDC."
Ayuda con Asics de mineria crypto,"Hola gente, estoy interesado en adecuar mi local para minar btc, ya tengo las maquinas pero resulta que son demasiado ruidosas, alguien sabe o maneja alguna forma de silenciarlas sin que se calienten?
Ya les puse dentro de una estructura de paneles termoacusticos y espuma anti sonora, pero igual suenan fuertisimo"
Paraguay Considers Crypto Mining Ban,(sin texto)
Binance en paraguay,"Hola gente perd√≥n que recurra a este medio pero no tengo a nadie m√°s que pueda ayudarme con una duda, quer√≠a saber si la √∫nica manera de efectivizar mi usdt ac√° en paraguay es por medio de la venta a alguien m√°s y que me transfiera el dinero o hay alguna otra manera en donde no deba de haber un comprador? (Soy nuevo en esto de las crypto)"
Declarar ingresos por trabajo en el exterior,"Hola! Actualmente trabajo para el exterior como programador hace varios a√±os ya, me mude hace poco nuevamente a Paraguay y tengo la duda de como declarar mis ingresos ante los bancos. 

Tengo contrato, pero cobro a traves de crypto USDT, conocen alg√∫n contador que me pueda asesorar sobre el tema o que recomiendan? Ya me gustaria aplicar por una tarjeta de credito y esta un poco dif√≠cil."
Crypto Influencers / Enthusiasts Searched,"BRIEFLY

I am looking for crypto influencers / enthusiasts from all countries in the World!

pm me for further details

Please share my post wherever you can! Thank you for all of your supports Redditters üëç

DETAILS of the support request

If you feel that - as long as you will have learnt all relevant pieces of information on the Project:

\- you are open to present a Project to your followers and share it with and

\- disclose it to your network which delivers additional long-term income for you starting from the first day,

\- a Project which is focusing on transparency (expressing the immovable commitment and compliance with all rules attitude of the Shareholders of the developer company) which is proved by receiving the Most Transparent Crypto Project of the Year;

\- acknowledgment of the crypto professionals on the Project could not be better expressed than they have awarded the Project with the Crypto Project of the Year, 2023 Award.

Crypto Influencers / Enthusiasts Searched from all countries of the World who are attracted by co-operating in the content spreading relating to the above described Project."
Convertir crypto en Paraguay por tarjeta.,"Estoy buscando una forma de poder hacer uso de mis crypto monedas que tengo de forma r√°pida a trav√©s e una tarjeta, o que soporte convertir dentro a USD y usar as√≠. Por ejemplo, tengo 100 USDT y quiero usar con una tarjeta. Que haya una que haga el intercambio al instante, o que yo pueda convertir previamente a USD y usarlo. No precisamente d√≥lares, puede ser euros tambi√©n. Todos los servicios de esa clase que encuentro son para Europa y algunos para EEUU. Ni para Argentina hay parece, por ejemplo ü§î. Si saben algo, les agradecer√≠a que lo compartan. Gracias!."
Empezar Emprendimiento,Que Emprendimiento empezar√≠an con un presupuesto al rededor de 100 millones de guaran√≠es? Que no sea crypto...
Crypto Summit del sur! No se pierdan por CDE,(sin texto)
Que tal funciona Western Union?,"Hola, necesito enviar alrededor de 4 mil d√≥lares desde USA a un familiar en Paraguay.

* Alguno de ustedes a recibido dinero a trav√©s de WU? 
* Que les pidieron para retirar el dinero (cedula?)? 
* Si o si debe recibir guaran√≠es o puede recibir USD?
* Conocen alguna alternativa para que pueda recibir ese dinero? (financiera, crypto, etc.)

Desde ya, muchas gracias por la ayuda :)"
Este 7 de diciembre les invitamos al Crypto Summit del Sur a todos aquellos que les interese! M√°s info en www.cryptosummitdelsur.com üòäüòä,(sin texto)
"Crypto en Paraguay, ¬øya est√°n bien utilizados?","¬øUstedes de Paraguay usan criptomonedas?  Soy de Brasil, si voy con d√≥lares en binance, ¬øpodr√≠a retirar estos d√≥lares?  ¬øLas tiendas aceptan criptomonedas?"
Cryptomineracion,Alguien por aqui hace mineracion de crypto en paraguay?
Crypto mineracion en Paraguai,"Alguien por aqui Hace mineracion de Criptomonedas en Paraguay?

He visto varios videos de personas usando Asics y gpus en Paraguay, qual es el kwh ?"
C√≥mo comprar BTC en persona en Ciudad del Este ?,"Hola gente,

Primero que nada bueno a√±o a todos.

Quer√≠a consultar como comprar crypto (BTC) en Paraguay face to face, en particular en Ciudad del Este. Yo se que existen exchanges P2P como Binance pero quiero comprar en efectivo en persona (y en seguridad).

Me han dicho que existen casas de cambio que venden tambi√©n BTC. Es as√≠ realmente ? Donde ?

Alg√∫n consejo ?


Muchas gracias"
consulta cuenta bancos digitals,"hola buenas quiero hacerme una una cuenta en algun banco digital para usar binance (p2p crypto) cuales recomiendan ?

gracias"
Crypto a Fiat en PY,"Buenas, desde hace 6 meses por ahi vengo minando ethereum ocasionalmente, la cuestion es de que no se como convertir ese dinero a FIAT sin pasar por traders (mala experiencia)
Tengo a mi disposicion tafjetas prepagas de Visa y Mastercard, hasta ahora en lo unico que pude usar el btc fue en giftcards amazon via bitrefill pero pegaria pagarse un asado con crypto jajaj

Pd. No es mucho, alrededor de 10usd - 20 usd semanales"
Cryptomonedas y un paraguayo viviendo en el extranjero. Situaci√≥n legal ?,"Hola redditors. Como andan ?

Soy paraguayo viviendo en Europa hace unos a√±os ya, me fui de CDE hace 10 a√±os. Estoy de visita por el subreddit r/Paraguay  para saludar y sacarme unas dudas.

Yo tengo un poco de crypto ahorrado (no mucho) y pienso, cuando vuelva a Paraguay como podre hacer para poder convertir las criptomonedas en fiat (dinero tradiccional guaranies/dolares) ?

Cual es la situacion legal del cripto alla ? Es para como funciona la imposicion fiscal y cuando hay que pagar. Si tienen algun consejo les agredeceria.

&#x200B;

Gracias y saludos"
Wallet recomendada para tener crypto en PY,"Hace un tiempo vine a Paraguay migrando desde Argentina, pero lo que note fue que los bancos son much√≠simos m√°s exigentes con el origen de los fondos, mis finanzas o negocios all√° no me sirven en este pa√≠s como justificativo alguno por lo que, de momento, me veo limitado, de igual manera quiero tener una wallet que me sea funcional en territorio paraguayo para financiarme con lo necesario de momento. Yo en Argentina usaba Bitso y localbtc, pero quer√≠a saber si en Paraguay hay alguna wallet de confianza o que este m√°s arraigada al estilo bitso. Necesito una wallet que pueda manejar tanto TUSD como BTC, localbtc la puedo usar para btc, pero no para TUSD as√≠ que esperaba encontrar algo de asesoramiento y ayuda, muchas gracias.

PD: si me pueden recomendar alg√∫n sub de finanzas de Paraguay les estar√≠a agradecidos"
"Paraguayan University To Accept Tuition In Crypto, Starting August - Cryptocurrency News",(sin texto)
"PayPal, crypto u otros","Buenas. Tengo el siguiente problema. Empec√© a trabajar online, en una plataforma que se llama Cambly. El tema es que solo pagan por PayPal. Tengo cuenta, pero entiendo que no podr√© retirar la plata ac√° en Paraguay. Estoy viendo maneras para poder efectivizar lo que gano. Las dos opciones que tengo creo que son comprar cripto monedas con lo que me pagan a paypal, o abrir una empresa en Estonia, y de ahi poder hacerme transferencias bancarias.

&#x200B;

Hay alguna otra opcion? Estuve investigando tambien TransferWise, Neteller y Payoneer"
"¬øQu√© pas√≥ ayer con UniSwap? No entiendo nada, ¬øc√≥mo es posible que regalaran d√≥lares?","**Buenas tardes, gente.**

B√°sicamente, lo que dice el t√≠tulo. Me despert√© esta ma√±ana con la noticia de que muchas personas ganaron entre 1200usd y 15000usd por haber hecho un par de transacciones con UniSwap.

No estoy muy metido en el mundo de las cryptos, lo √∫nico que conozco es Bitcoin y Ethereum, con las cuales nunca oper√©. Imaginense que no ten√≠a idea de que existiera UniSwap.

Bueno, el tema es el siguiente, durante todo el d√≠a me llegaron posts en Facebook e Instagram de TronLink Pro, otra Crypto. En donde supuestamente hay que registrarse y te dan cr√©ditos.

¬øQu√© onda con esto? ¬øUstedes creen que puedan llegar valer algo esos cr√©ditos en unos meses? ¬øEs seguro registrarse? ¬øO te roban los datos?

**El mensaje siempre es el mismo:**

>""Si aprovechaste la oportunidad de los 400 UNI de UniSwap, hay otro Airdrop prometedor, TronLink Pro. Te dan 300 cr√©ditos con s√≥lo registrarte.  
Paso 1: Descargar TronLink Pro en la app store.  
Paso 2: Crear una cuenta  
Paso 3: Luego de crear la cuenta, selecciona ""Me"" en el panel inferior.  
Paso 4: Seleccionar Invite a Friend  
Paso 5: Selecciona Claim Rewards e introduce el c√≥digo 9Fbs y recibiras los 300 cr√©ditos.  
Los cuales podr√≠an valer 50usd, 100usd o 500usd. As√≠ sean 100usd, ya es ganancia por s√≥lo dos minutos que te toma registrarte.""

No se, me parece sospechoso. Pero, por otro lado, me sentir√≠a medio tonto si me entero en unos meses que esos ""cr√©ditos"" ten√≠an valor....

Gracias, gente!"
Paraguay's Government Audits Local Crypto Industry,(sin texto)
Cryptocurrency exchange en Paraguay?,Existen exchanges de crypto en Paraguay? Para comprar y vender BTC por guaran√≠ o d√≥lares?
Alguien que haya minado con el Antminer S19,"Estoy interesado en comprar el Antminer S19 y quisiera saber que tengo que tener en cuenta al momento de comprar y utilizar la m√°quina 
Que piscinas de miner√≠a me recomiendan y como realizar las transferencias. Les agradecer√≠a su ayuda y opini√≥n."
¬øC√≥mo retirar BTC de miner√≠a de manera legal?,"Tengo ahorrado una cantidad de BTC en mi cuenta de Binance que acumul√© haciendo miner√≠a de cripto. S√© que existe la posibilidad de retirarlo con p2p, as√≠ que recibo una transferencia en guaranies en mi banco de alguna persona.

Mi pregunta es si voy a tener problemas por recibir una transferencia random de una persona en mi cuenta (supongamos 10 millones) y como se debe declarar eso legalmente y si se debe pagar IRP o hacer factura por el monto.

¬øAlguien sabe o tiene experiencia?"
Ideas para ingresos pasivos en PY?,"Digamos que por motivos de formaci√≥n acad√©mica no puedo trabajar, solo estudiar, alguien sabe en que puedo invertir que me genere ingresos pasivos algo asi como la miner√≠a de criptomonedas."
PC Gamer y presupuesto,"Los perros, estoy queriendo comprarme una PC usada, no quiero armar una por los exhuberantes precios actuales, tengo un conocimiento muy b√°sico de PCs, se que son cada componentes y para que sirven pero no te podr√≠a diferenciar cual es por ejemplo el que m√°s me conviene, mis objetivos claros son poder jugar en al menos 2K los juegos en general, hablando de juegos actuales obviamente, a unos fps superiores a 60 (+100 ideales) en juegos mas competitivos, con todo esto vienen mis preguntas
1 - ¬øMe conviene comprar una PC usada que no haya sido usada para miner√≠a? ¬øO igual con los precios actuales es mejor armar una desde cero?
2 - Excluyendo perif√©ricos ¬øCuanto deber√≠a de ahorrar para esto?
3 - ¬øQue deber√≠a de estar buscando?, hablando de cosas m√°s caras como tarjetas gr√°ficas o procesadores"
Busco consejos para mudarme e iniciar mi negocio en Paraguay,"Hola, soy de Brasil y estoy buscando mudarme y empezar un negocio en Paraguay.

Tengo muchas dudas sobre los tipos de empresa, pero me parece que SA es el adecuado, tengo la intenci√≥n de abrir un negocio de miner√≠a cryptocurrency donde voy a ser el √∫nico empleado.

Tambi√©n tengo la intenci√≥n de vivir en Paraguay, pero tengo muchas dudas acerca de los documentos que necesito obtener, la apertura de un banco en Paraguay y la burocracia que implica la apertura de la empresa. Lo m√°s f√°cil para m√≠ es viajar a Paraguay....

¬°Cualquier sugerencia o consejo que me ayude en mi viaje ser√° muy apreciado!

Gracias!"
Cryto,"Que piensan de la miner√≠a de criptomonedas en Paraguay, es rentable?"
Alguien sabe d√≥nde puedo conseguir una 3070ti no muy cara,"Creo que el m√°s barato que v√≠ fue 4 millones pero era usado (y no s√© si para miner√≠a), y uno nuevo lo m√°s barato que v√≠ fue en Nissei a 6 palitos por ah√≠, por si alguien sepa de m√°s lugares"
"Trabajo para una grande empresa de miner√≠a de criptomonedas en Paraguay, hagan sus preguntas.","Responder√© todo lo que no sea de car√°cter personal o confidencial, come on!"
Proyecto Yuty de Extracci√≥n de Uranio,"

¬øQue opinan?
Edit : Hay otra cosa que sale en otro comunicado de la empresa, reportan la mayor reserva de titanio del mundo entero, tremenda noticia. Hace tiempo que se sabe que hay un potencial alto en el area de miner√≠a, veremos que que hacen al respecto.
El de Titanio se llama Project Alto Parana
 Edit : Correcci√≥n Oviedo es de Uranio tambien"
Ley de Miner√≠a en Py,"Se aprob√≥ la ley de miner√≠a en Paraguay, lo que convierte a esa actividad en una fuente gravada y regulada por el estado.

Obviamente la ley no da ninguna ventaja a los mineros, pero me pregunto si eso dejar√° la puerta abierta a que se empiecen a aceptar las criptomonedas como medio de pago.

Esta apertura, beneficiar√° o perjudicar√° al minero y a la sociedad? Ya que el senador Buzarquis est√° promoviendo el minado de BTC como si fuera la panacea a todos los males.



Saludos!"
Miner√≠a de criptos en Paraguay,"Buenas, adem√°s de Cripex, conocen a alguien que mine criptos?"
Peli de Minecraft:(,"Buenas gente, estoy al pedo, no puedo dormir y no se porque se me ocurri√≥ contar esto.. tambi√©n se que a nadie le importa pero no s√©, no tengo a nadie con qui√©n compartir esto. 
 Hace unos pocos meses termine con mi novia y dentro de todo quedamos en buenos t√©rminos, la verdad es que ya no nos est√°bamos entendiendo tanto, adem√°s ella tuvo que irse a otro lugar por cuestiones de avanzar y tal pero nos prometimos seguir fuertes y siempre juntos y despu√©s de hablarlo y hacerlo todo doloroso solo decid√≠ dejarla volar, que ella se merec√≠a m√°s, y bueno, no voy a negar que que la extra√±o todos los d√≠as, que le amo demasiado, que dar√≠a cualquier cosa por volver el tiempo atr√°s a vivir todos los momentos buenos  y malos, la verdad es que solo quiero estar con ella, no se, siento que se fu√© una parte de mi para siempre, en fin, duramos 5 a√±os con 7 meses y cerca de 1 a distancia, la cosa es que estos d√≠as se estren√≥ la pel√≠cula de Minecraft y me invitaron varios amigos a ver pero no puedo, porque me recuerda much√≠simo a ella, yo recuerdo que odiaba ese juego y no le daba nada de chances hasta que empezamos la relaci√≥n y ella fue la que me ense√±√≥ todo y yo obvio acepte porque me encantaba compartir con ella todo lo que le gustaba y le hac√≠a feliz, entonces acced√≠ a jugar y me encant√≥ todo, me pas√© a√±os jugando con ella, lo t√≠pico, nuestro mundito, nuestra casita, nuestros gatitos, sus decoraciones, minar juntos y no se, siento que si voy a ver la peli me voy a quebrar jajaja y tampoco quiero volver a jugar pq las musiquitas me van a causar lo mismo y tampoco es igual jugar sin ella, no se, estoy tan triste y sin ganas de nada, yo planee la vida con esa mujer y me duele recordarle todos los d√≠as, en fin, era esa macanada, que est√©n bien gente!"
Ayuda con Asics de mineria crypto,"Hola gente, estoy interesado en adecuar mi local para minar btc, ya tengo las maquinas pero resulta que son demasiado ruidosas, alguien sabe o maneja alguna forma de silenciarlas sin que se calienten?
Ya les puse dentro de una estructura de paneles termoacusticos y espuma anti sonora, pero igual suenan fuertisimo"
Minerar Cripto en Paraguay,"Quiero consultarles si alguien sabe que se necesita, documento, patentes, etc. Para minar en Paraguay tambien si se puede hacer en una casa particular y tiener todo legal con el permiso de la ande, te pueden crear problemas igual, en conclusi√≥n yo quiero comprar un transformador de 150KVA, pedir permiso en la ande, pagar el consum√≥ que sea y colocar en una casa (que no es mi casa, ejemplo una casa alquilada) y mi duda es si me puede venir la fiscalia o alguna entidad reguladora entonces les pregunto si saben algo al respecto."
Minar cripto py,"Hola gente, hay algun entendido sobre como minar cripto de forma correcta?, o si saben de alguien que lo haga de forma segura? sobre los precios de sistema, equipos, refrigeracion, incluso precios de consumo electrico?? Es rentable siquiera? üòÖ"
Es legal minar bitcoin en Paraguay?,S√© que hace poco rechazaron la regulaci√≥n pero se puede minar igual? Vivo en el extranjero y estoy interesado en la idea de realizar esto en Paraguay.
mineria de criptomonedas,"Buenas tardes gente quisiera saber como podria minar cripto desde casa, cuanto es la capital o fondo minimo que necesito para empezar y si vale la pena, tambien me interesaria saber alguna sugerencia acerca de que cripto podria minar, ya que √∫ltimamente me empezo a interesar el tema por que lei que el costo de electricidad de este pais es ""bajo"" en relaci√≥n a los otros pa√≠ses donde mas bitcoins se mina"
